"Part";"Value";"Device";"Package";"Description";"AVAILABILITY";"CHECK_PRICES";"COPYRIGHT";"CUI_PURCHASE_URL";"DESCRIPTION";"ELEMENT14_PART_NUMBER";"ELEMENT14_PRICE-STOCK";"HEIGHT";"MANUFACTURER";"MANUFACTURER_NAME";"MANUFACTURER_PART_NUMBER";"MAXIMUM_PACKAGE_HEIGHT";"MF";"MFR_NAME";"MP";"MPN";"OC_FARNELL";"OC_NEWARK";"PACKAGE";"PARTREV";"POPULARITY";"PRICE";"PURCHASE-URL";"SNAPEDA_LINK";"SNAPEDA_PN";"STANDARD";
"AC1";"KX134-1211";"KX134-1211";"KX1341211";"Accelerometers Tri-Axis Acclrmtr 8g, 16g, 32g";"";"";"";"";"Accelerometers Tri-Axis Acclrmtr 8g, 16g, 32g";"";"";"1mm";"";"Kionix";"KX134-1211";"";"";"";"";"";"";"";"";"";"";"";"";"";"";"";
"BOOT";"DTSM-3";"DTSM-3";"DTSM-3";"";"";"";"";"";"";"";"";"";"";"";"";"";"";"";"";"";"";"";"";"";"";"";"";"";"";"";
"BUZZER";"BUZZER";"CMT-8530S-SMT";"CUI_CMT-8530S-SMT";"8.5 mm, 3.6 Vo-p, 90 dB, Surface Mount (SMT), Magnetic Audio Transducer Buzzer Check availability";"In Stock";"https://www.snapeda.com/parts/CMT-8530S-SMT-TR/CUI+Devices/view-part/?ref=eda";"";"https://www.cuidevices.com/product/audio/buzzers/audio-transducers/cmt-8530s-smt-tr?utm_source=snapeda.com&utm_medium=referral&utm_campaign=snapedaBOM";"8.5 mm, 3.6 Vo-p, 90 dB, Surface Mount (SMT), Magnetic Audio Transducer Buzzer";"";"";"";"";"";"";"";"CUI Devices";"";"CMT-8530S-SMT-TR";"";"";"";"None";"";"";"None";"https://www.snapeda.com/api/url_track_click_mouser/?unipart_id=649163&manufacturer=CUI Devices&part_name=CMT-8530S-SMT-TR&search_term=None";"https://www.snapeda.com/parts/CMT-8530S-SMT-TR/CUI+Devices/view-part/?ref=snap";"";"";
"C1";"10 uF";"CAPACITOR.0603";"0603";"";"";"";"";"";"";"";"";"";"";"";"";"";"";"";"";"";"";"";"";"";"";"";"";"";"";"";
"C2";"18 pF";"CAPACITOR.0603";"0603";"";"";"";"";"";"";"";"";"";"";"";"";"";"";"";"";"";"";"";"";"";"";"";"";"";"";"";
"C3";"18 pF";"CAPACITOR.0603";"0603";"";"";"";"";"";"";"";"";"";"";"";"";"";"";"";"";"";"";"";"";"";"";"";"";"";"";"";
"C4";"10 uF";"CAPACITOR.0603";"0603";"";"";"";"";"";"";"";"";"";"";"";"";"";"";"";"";"";"";"";"";"";"";"";"";"";"";"";
"C5";"10 uF";"CAPACITOR.0603";"0603";"";"";"";"";"";"";"";"";"";"";"";"";"";"";"";"";"";"";"";"";"";"";"";"";"";"";"";
"C6";"100 pF";"CAPACITOR.0603";"0603";"";"";"";"";"";"";"";"";"";"";"";"";"";"";"";"";"";"";"";"";"";"";"";"";"";"";"";
"C7";"10 uF";"CAPACITOR.0603";"0603";"";"";"";"";"";"";"";"";"";"";"";"";"";"";"";"";"";"";"";"";"";"";"";"";"";"";"";
"C8";"10 uF";"CAPACITOR.0603";"0603";"";"";"";"";"";"";"";"";"";"";"";"";"";"";"";"";"";"";"";"";"";"";"";"";"";"";"";
"C9";"10 uF";"CAPACITOR.0603";"0603";"";"";"";"";"";"";"";"";"";"";"";"";"";"";"";"";"";"";"";"";"";"";"";"";"";"";"";
"C10";"10 uF";"CAPACITOR.0603";"0603";"";"";"";"";"";"";"";"";"";"";"";"";"";"";"";"";"";"";"";"";"";"";"";"";"";"";"";
"C11";"10 uF";"CAPACITOR.0603";"0603";"";"";"";"";"";"";"";"";"";"";"";"";"";"";"";"";"";"";"";"";"";"";"";"";"";"";"";
"C12";"10 uF";"CAPACITOR.0603";"0603";"";"";"";"";"";"";"";"";"";"";"";"";"";"";"";"";"";"";"";"";"";"";"";"";"";"";"";
"C13";"10 uF";"CAPACITOR.0603";"0603";"";"";"";"";"";"";"";"";"";"";"";"";"";"";"";"";"";"";"";"";"";"";"";"";"";"";"";
"C14";"10 uF";"CAPACITOR.0603";"0603";"";"";"";"";"";"";"";"";"";"";"";"";"";"";"";"";"";"";"";"";"";"";"";"";"";"";"";
"C15";"10 uF";"CAPACITOR.0603";"0603";"";"";"";"";"";"";"";"";"";"";"";"";"";"";"";"";"";"";"";"";"";"";"";"";"";"";"";
"C16";"10 uF";"CAPACITOR.0603";"0603";"";"";"";"";"";"";"";"";"";"";"";"";"";"";"";"";"";"";"";"";"";"";"";"";"";"";"";
"C17";"10 uF";"CAPACITOR.0603";"0603";"";"";"";"";"";"";"";"";"";"";"";"";"";"";"";"";"";"";"";"";"";"";"";"";"";"";"";
"C18";"10\ uF";"CAPACITOR.0603";"0603";"";"";"";"";"";"";"";"";"";"";"";"";"";"";"";"";"";"";"";"";"";"";"";"";"";"";"";
"C19";"10 uF";"CAPACITOR.0603";"0603";"";"";"";"";"";"";"";"";"";"";"";"";"";"";"";"";"";"";"";"";"";"";"";"";"";"";"";
"C20";"10 uF";"CAPACITOR.0603";"0603";"";"";"";"";"";"";"";"";"";"";"";"";"";"";"";"";"";"";"";"";"";"";"";"";"";"";"";
"C21";"10 uF";"CAPACITOR.0603";"0603";"";"";"";"";"";"";"";"";"";"";"";"";"";"";"";"";"";"";"";"";"";"";"";"";"";"";"";
"C22";"100 nF";"CAPACITOR.0603";"0603";"";"";"";"";"";"";"";"";"";"";"";"";"";"";"";"";"";"";"";"";"";"";"";"";"";"";"";
"C23";"27 pF";"CAPACITOR.0603";"0603";"";"";"";"";"";"";"";"";"";"";"";"";"";"";"";"";"";"";"";"";"";"";"";"";"";"";"";
"C24";"27 pF";"CAPACITOR.0603";"0603";"";"";"";"";"";"";"";"";"";"";"";"";"";"";"";"";"";"";"";"";"";"";"";"";"";"";"";
"C25";"10 uF";"CAPACITOR.0603";"0603";"";"";"";"";"";"";"";"";"";"";"";"";"";"";"";"";"";"";"";"";"";"";"";"";"";"";"";
"C26";"10 uF";"CAPACITOR.0603";"0603";"";"";"";"";"";"";"";"";"";"";"";"";"";"";"";"";"";"";"";"";"";"";"";"";"";"";"";
"C27";"10\ uF";"CAPACITOR.0603";"0603";"";"";"";"";"";"";"";"";"";"";"";"";"";"";"";"";"";"";"";"";"";"";"";"";"";"";"";
"C28";"470 pF";"CAPACITOR.0603";"0603";"";"";"";"";"";"";"";"";"";"";"";"";"";"";"";"";"";"";"";"";"";"";"";"";"";"";"";
"C30";"10 uF";"CAPACITOR.0603";"0603";"";"";"";"";"";"";"";"";"";"";"";"";"";"";"";"";"";"";"";"";"";"";"";"";"";"";"";
"C31";"10 uF";"CAPACITOR.0603";"0603";"";"";"";"";"";"";"";"";"";"";"";"";"";"";"";"";"";"";"";"";"";"";"";"";"";"";"";
"C32";"10 uF";"CAPACITOR.0603";"0603";"";"";"";"";"";"";"";"";"";"";"";"";"";"";"";"";"";"";"";"";"";"";"";"";"";"";"";
"C33";"120 pF";"CAPACITOR.0603";"0603";"";"";"";"";"";"";"";"";"";"";"";"";"";"";"";"";"";"";"";"";"";"";"";"";"";"";"";
"C34";"10 uF";"CAPACITOR.0603";"0603";"";"";"";"";"";"";"";"";"";"";"";"";"";"";"";"";"";"";"";"";"";"";"";"";"";"";"";
"C35";"120 pF";"CAPACITOR.0603";"0603";"";"";"";"";"";"";"";"";"";"";"";"";"";"";"";"";"";"";"";"";"";"";"";"";"";"";"";
"C37";"120 pF";"CAPACITOR.0603";"0603";"";"";"";"";"";"";"";"";"";"";"";"";"";"";"";"";"";"";"";"";"";"";"";"";"";"";"";
"C40";"10 uF";"CAPACITOR.0603";"0603";"";"";"";"";"";"";"";"";"";"";"";"";"";"";"";"";"";"";"";"";"";"";"";"";"";"";"";
"C42";"10 uF";"CAPACITOR.0603";"0603";"";"";"";"";"";"";"";"";"";"";"";"";"";"";"";"";"";"";"";"";"";"";"";"";"";"";"";
"C52";"10 uF";"CAPACITOR.0603";"0603";"";"";"";"";"";"";"";"";"";"";"";"";"";"";"";"";"";"";"";"";"";"";"";"";"";"";"";
"C62";"10 uF";"CAPACITOR.0603";"0603";"";"";"";"";"";"";"";"";"";"";"";"";"";"";"";"";"";"";"";"";"";"";"";"";"";"";"";
"C63";"10 uF";"CAPACITOR.0603";"0603";"";"";"";"";"";"";"";"";"";"";"";"";"";"";"";"";"";"";"";"";"";"";"";"";"";"";"";
"C101";"100 nF";"CAPACITOR.0603";"0603";"";"";"";"";"";"";"";"";"";"";"";"";"";"";"";"";"";"";"";"";"";"";"";"";"";"";"";
"D2";"RSX501LAM20TR";"RSX501LAM20TR";"SODFL4725X105N";"20V, 5A, SOD-128, Schottky Barrier Diode";"";"";"";"";"20V, 5A, SOD-128, Schottky Barrier Diode";"";"";"1.05mm";"";"ROHM Semiconductor";"RSX501LAM20TR";"";"";"";"";"";"";"";"";"";"";"";"";"";"";"";
"D3";"";"LED.0603";"0603.LED";"";"";"";"";"";"";"";"";"";"";"";"";"";"";"";"";"";"";"";"";"";"";"";"";"";"";"";
"D4";"";"LED.0603";"0603.LED";"";"";"";"";"";"";"";"";"";"";"";"";"";"";"";"";"";"";"";"";"";"";"";"";"";"";"";
"D5";"";"LED.0603";"0603.LED";"";"";"";"";"";"";"";"";"";"";"";"";"";"";"";"";"";"";"";"";"";"";"";"";"";"";"";
"D6";"";"LED.0603";"0603.LED";"";"";"";"";"";"";"";"";"";"";"";"";"";"";"";"";"";"";"";"";"";"";"";"";"";"";"";
"D7";"";"LED.0603";"0603.LED";"";"";"";"";"";"";"";"";"";"";"";"";"";"";"";"";"";"";"";"";"";"";"";"";"";"";"";
"D9";"RSX501LAM20TR";"RSX501LAM20TR";"SODFL4725X105N";"20V, 5A, SOD-128, Schottky Barrier Diode";"";"";"";"";"20V, 5A, SOD-128, Schottky Barrier Diode";"";"";"1.05mm";"";"ROHM Semiconductor";"RSX501LAM20TR";"";"";"";"";"";"";"";"";"";"";"";"";"";"";"";
"D10";"RSX501LAM20TR";"RSX501LAM20TR";"SODFL4725X105N";"20V, 5A, SOD-128, Schottky Barrier Diode";"";"";"";"";"20V, 5A, SOD-128, Schottky Barrier Diode";"";"";"1.05mm";"";"ROHM Semiconductor";"RSX501LAM20TR";"";"";"";"";"";"";"";"";"";"";"";"";"";"";"";
"D11";"";"LED.0603";"0603.LED";"";"";"";"";"";"";"";"";"";"";"";"";"";"";"";"";"";"";"";"";"";"";"";"";"";"";"";
"D12";"";"LED.0603";"0603.LED";"";"";"";"";"";"";"";"";"";"";"";"";"";"";"";"";"";"";"";"";"";"";"";"";"";"";"";
"D13";"RSX501LAM20TR";"RSX501LAM20TR";"SODFL4725X105N";"20V, 5A, SOD-128, Schottky Barrier Diode";"";"";"";"";"20V, 5A, SOD-128, Schottky Barrier Diode";"";"";"1.05mm";"";"ROHM Semiconductor";"RSX501LAM20TR";"";"";"";"";"";"";"";"";"";"";"";"";"";"";"";
"FIN_1";"03-JST-B3B-XH-A";"03-JST-B3B-XH-A";"B3B-XH";"JST CONNECTOR";"";"";"";"";"";"";"";"";"";"";"";"";"";"";"";"";"";"";"";"";"";"";"";"";"";"";
"FIN_2";"03-JST-B3B-XH-A";"03-JST-B3B-XH-A";"B3B-XH";"JST CONNECTOR";"";"";"";"";"";"";"";"";"";"";"";"";"";"";"";"";"";"";"";"";"";"";"";"";"";"";
"FIN_3";"03-JST-B3B-XH-A";"03-JST-B3B-XH-A";"B3B-XH";"JST CONNECTOR";"";"";"";"";"";"";"";"";"";"";"";"";"";"";"";"";"";"";"";"";"";"";"";"";"";"";
"FIN_4";"03-JST-B3B-XH-A";"03-JST-B3B-XH-A";"B3B-XH";"JST CONNECTOR";"";"";"";"";"";"";"";"";"";"";"";"";"";"";"";"";"";"";"";"";"";"";"";"";"";"";
"FLASH";"W25Q128JVSIQ";"W25Q128JVSIQ";"SOIC127P790X216-8N";"Check availability";"In Stock";"https://www.snapeda.com/parts/W25Q128JVSIQ/Winbond+Electronics/view-part/?ref=eda";"";"";" FLASH - NOR Memory IC 128Mb (16M x 8) SPI - Quad I/O, QPI, DTR 133 MHz 8-SOIC ";"";"";"";"";"";"";"";"Winbond Electronics";"";"W25Q128JVSIQ";"";"";"";"SOIC-8 Winbond Electronics";"";"";"None";"";"https://www.snapeda.com/parts/W25Q128JVSIQ/Winbond+Electronics/view-part/?ref=snap";"";"";
"GNSS";"TESEO-LIV3F";"TESEO-LIV3F";"SON110P970X1010X230-18N";"GPS Modules Tiny GNSS module";"In Stock";"https://www.snapeda.com/parts/TESEO-LIV3F/STMicroelectronics/view-part/?ref=eda";"";"";" - RF Receiver BeiDou, Galileo, GLONASS, GNSS, GPS 1.575GHz -163dBm Not Included 18-LCC (9.7x10.1) ";"";"";"";"";"";"";"";"STMicroelectronics";"";"TESEO-LIV3F";"";"";"";"SMD-18 STMicroelectronics";"";"";"None";"https://www.snapeda.com/api/url_track_click_mouser/?unipart_id=1474256&manufacturer=STMicroelectronics&part_name=TESEO-LIV3F&search_term=None";"https://www.snapeda.com/parts/TESEO-LIV3F/STMicroelectronics/view-part/?ref=snap";"";"";
"IC1";"BMP280";"BMP280";"BMP280";"The BMP280 is an absolute barometric pressure sensor especially designed for mobile applications. The sensor module is housed in an extremely compact 8-pin metal-lid LGA package with a footprint of only 2.0 × 2.5 mm2 and 0.95 mm package height. Its small";"";"";"";"";"";"";"";"";"";"";"";"";"";"";"";"";"";"";"";"";"";"";"";"";"";"";
"IC2";"MPXV5100DP";"MPXV5100DP";"MPXV5100DP";"Board Mount Pressure Sensors SOP DUAL PORT";"";"";"";"";"Board Mount Pressure Sensors SOP DUAL PORT";"";"";"9.906mm";"";"NXP";"MPXV5100DP";"";"";"";"";"";"";"";"";"";"";"";"";"";"";"";
"IC9";"MCP73844-840I_MS";"MCP73843-420I_MS";"SOP65P490X110-8N";"Li-Ion Charge Controller 4.2V MSOP8";"";"";"";"";"Li-Ion Charge Controller 4.2V MSOP8";"";"";"1.1mm";"";"Microchip";"MCP73843-420I/MS";"";"";"";"";"";"";"";"";"";"";"";"";"";"";"";
"J1";"JST-XH-2B";"JST-XH-2B";"B2B-XH-A";"";"";"";"";"";"";"";"";"";"";"";"";"";"JST";"";"";"B2B-XH-A";"";"";"";"";"";"";"";"";"";"";
"J2";"CON-SMA-EDGE-S";"CON-SMA-EDGE-S";"RFSOLUTIONS_CON-SMA-EDGE-S";"Check availability";"In Stock";"https://www.snapeda.com/parts/CON-SMA-EDGE-S/RF+Solutions/view-part/?ref=eda";"";"";" SMA Connector Jack, Female Socket - Board Edge, End Launch Solder ";"";"";"";"";"";"";"";"RF Solutions";"";"CON-SMA-EDGE-S";"";"";"";"None";"";"";"None";"https://www.snapeda.com/api/url_track_click_mouser/?unipart_id=557794&manufacturer=RF Solutions&part_name=CON-SMA-EDGE-S&search_term=None";"https://www.snapeda.com/parts/CON-SMA-EDGE-S/RF+Solutions/view-part/?ref=snap";"";"";
"J3";"JST-XH-2B";"JST-XH-2B";"B2B-XH-A";"";"";"";"";"";"";"";"";"";"";"";"";"";"JST";"";"";"B2B-XH-A";"";"";"";"";"";"";"";"";"";"";
"J7";"XT60-M";"XT60-M";"AMASS_XT60-M";"Check availability";"Not in stock";"";"";"";" Plug";" DC supply";" XT60";" male";" PIN: 2";" for cable";" soldered";" 30A";" 500V ";"";"";"";"";"";"";"";"AMASS";"";"XT60-M";"";"";"";
"L1";"";"RF-INDUCTOR.0603";"0603";"";"";"";"";"";"";"";"";"";"";"";"";"";"";"";"";"";"";"";"";"";"";"";"";"";"";"";
"L2";"ASPI-0630LR-220M-T15";"ASPI-0630LR-220M-T15";"IND_ASPI-0630LR-220M-T15";"";"";"";"";"";"";"";"";"";"Abracon";"";"";"3.0 mm";"";"";"";"";"";"";"";"B";"";"";"";"";"";"Manufacturer Recommendations";
"L3";"22 uH";"RF-INDUCTOR.0603";"0603";"";"";"";"";"";"";"";"";"";"";"";"";"";"";"";"";"";"";"";"";"";"";"";"";"";"";"";
"LED";"";"LED.0603";"0603.LED";"";"";"";"";"";"";"";"";"";"";"";"";"";"";"";"";"";"";"";"";"";"";"";"";"";"";"";
"MOTOR";"03-JST-B3B-XH-A";"03-JST-B3B-XH-A";"B3B-XH";"JST CONNECTOR";"";"";"";"";"";"";"";"";"";"";"";"";"";"";"";"";"";"";"";"";"";"";"";"";"";"";
"Q1";"SI7625DN-T1-GE3";"SI7625DN-T1-GE3";"SIS862DNT1GE3";"VISHAY - SI7625DN-T1-GE3 - MOSFET, P CHANNEL, -30V, -35A, POWERPAK 1212-8";"";"";"";"";"VISHAY - SI7625DN-T1-GE3 - MOSFET, P CHANNEL, -30V, -35A, POWERPAK 1212-8";"";"";"1.12mm";"";"Vishay";"SI7625DN-T1-GE3";"";"";"";"";"";"";"";"";"";"";"";"";"";"";"";
"Q2";"";"MOSFET-PWIDE";"SOT23-WIDE";"P-Channel Mosfet";"";"";"";"";"";"";"";"";"";"";"";"";"";"";"";"";"";"";"";"";"";"";"";"";"";"";
"Q3";"SI7625DN-T1-GE3";"SI7625DN-T1-GE3";"SIS862DNT1GE3";"VISHAY - SI7625DN-T1-GE3 - MOSFET, P CHANNEL, -30V, -35A, POWERPAK 1212-8";"";"";"";"";"VISHAY - SI7625DN-T1-GE3 - MOSFET, P CHANNEL, -30V, -35A, POWERPAK 1212-8";"";"";"1.12mm";"";"Vishay";"SI7625DN-T1-GE3";"";"";"";"";"";"";"";"";"";"";"";"";"";"";"";
"Q4";"SI7625DN-T1-GE3";"SI7625DN-T1-GE3";"SIS862DNT1GE3";"VISHAY - SI7625DN-T1-GE3 - MOSFET, P CHANNEL, -30V, -35A, POWERPAK 1212-8";"";"";"";"";"VISHAY - SI7625DN-T1-GE3 - MOSFET, P CHANNEL, -30V, -35A, POWERPAK 1212-8";"";"";"1.12mm";"";"Vishay";"SI7625DN-T1-GE3";"";"";"";"";"";"";"";"";"";"";"";"";"";"";"";
"Q5";"";"MOSFET-PWIDE";"SOT23-WIDE";"P-Channel Mosfet";"";"";"";"";"";"";"";"";"";"";"";"";"";"";"";"";"";"";"";"";"";"";"";"";"";"";
"R0";"10k ohm";"RESISTOR.0603";"0603";"";"";"";"";"";"";"";"";"";"";"";"";"";"";"";"";"";"";"";"";"";"";"";"";"";"";"";
"R1";"1k ohm";"RESISTOR.0603";"0603";"";"";"";"";"";"";"";"";"";"";"";"";"";"";"";"";"";"";"";"";"";"";"";"";"";"";"";
"R2";"100 ohm";"RESISTOR.0603";"0603";"";"";"";"";"";"";"";"";"";"";"";"";"";"";"";"";"";"";"";"";"";"";"";"";"";"";"";
"R3";"27.4 ohm";"RESISTOR.0603";"0603";"";"";"";"";"";"";"";"";"";"";"";"";"";"";"";"";"";"";"";"";"";"";"";"";"";"";"";
"R4";"27.4 ohm";"RESISTOR.0603";"0603";"";"";"";"";"";"";"";"";"";"";"";"";"";"";"";"";"";"";"";"";"";"";"";"";"";"";"";
"R5";"1k ohm";"RESISTOR.0603";"0603";"";"";"";"";"";"";"";"";"";"";"";"";"";"";"";"";"";"";"";"";"";"";"";"";"";"";"";
"R6";"5.1k ohm";"RESISTOR.0603";"0603";"";"";"";"";"";"";"";"";"";"";"";"";"";"";"";"";"";"";"";"";"";"";"";"";"";"";"";
"R7";"5.1k ohm";"RESISTOR.0603";"0603";"";"";"";"";"";"";"";"";"";"";"";"";"";"";"";"";"";"";"";"";"";"";"";"";"";"";"";
"R8";"100 ohm";"RESISTOR.0603";"0603";"";"";"";"";"";"";"";"";"";"";"";"";"";"";"";"";"";"";"";"";"";"";"";"";"";"";"";
"R9";"10k ohm";"RESISTOR.0603";"0603";"";"";"";"";"";"";"";"";"";"";"";"";"";"";"";"";"";"";"";"";"";"";"";"";"";"";"";
"R10";"10k ohm";"RESISTOR.0603";"0603";"";"";"";"";"";"";"";"";"";"";"";"";"";"";"";"";"";"";"";"";"";"";"";"";"";"";"";
"R11";"10k ohm";"RESISTOR.0603";"0603";"";"";"";"";"";"";"";"";"";"";"";"";"";"";"";"";"";"";"";"";"";"";"";"";"";"";"";
"R12";"45k ohm";"RESISTOR.0603";"0603";"";"";"";"";"";"";"";"";"";"";"";"";"";"";"";"";"";"";"";"";"";"";"";"";"";"";"";
"R13";"10k ohm";"RESISTOR.0603";"0603";"";"";"";"";"";"";"";"";"";"";"";"";"";"";"";"";"";"";"";"";"";"";"";"";"";"";"";
"R14";"10k ohm";"RESISTOR.0603";"0603";"";"";"";"";"";"";"";"";"";"";"";"";"";"";"";"";"";"";"";"";"";"";"";"";"";"";"";
"R15";"10k ohm";"RESISTOR.0603";"0603";"";"";"";"";"";"";"";"";"";"";"";"";"";"";"";"";"";"";"";"";"";"";"";"";"";"";"";
"R16";"145k ohm";"RESISTOR.0603";"0603";"";"";"";"";"";"";"";"";"";"";"";"";"";"";"";"";"";"";"";"";"";"";"";"";"";"";"";
"R17";"10k ohm";"RESISTOR.0603";"0603";"";"";"";"";"";"";"";"";"";"";"";"";"";"";"";"";"";"";"";"";"";"";"";"";"";"";"";
"R19";"100 ohm";"RESISTOR.0603";"0603";"";"";"";"";"";"";"";"";"";"";"";"";"";"";"";"";"";"";"";"";"";"";"";"";"";"";"";
"R21";"10k ohm";"RESISTOR.0603";"0603";"";"";"";"";"";"";"";"";"";"";"";"";"";"";"";"";"";"";"";"";"";"";"";"";"";"";"";
"R22";"45k ohm";"RESISTOR.0603";"0603";"";"";"";"";"";"";"";"";"";"";"";"";"";"";"";"";"";"";"";"";"";"";"";"";"";"";"";
"R23";"10k ohm";"RESISTOR.0603";"0603";"";"";"";"";"";"";"";"";"";"";"";"";"";"";"";"";"";"";"";"";"";"";"";"";"";"";"";
"R24";"0.13 ohm";"RESISTOR.0603";"0603";"";"";"";"";"";"";"";"";"";"";"";"";"";"";"";"";"";"";"";"";"";"";"";"";"";"";"";
"R25";"0.13 ohm";"RESISTOR.0603";"0603";"";"";"";"";"";"";"";"";"";"";"";"";"";"";"";"";"";"";"";"";"";"";"";"";"";"";"";
"R26";"10k ohm";"RESISTOR.0603";"0603";"";"";"";"";"";"";"";"";"";"";"";"";"";"";"";"";"";"";"";"";"";"";"";"";"";"";"";
"R27";"0.13 ohm";"RESISTOR.0603";"0603";"";"";"";"";"";"";"";"";"";"";"";"";"";"";"";"";"";"";"";"";"";"";"";"";"";"";"";
"R28";"45k ohm";"RESISTOR.0603";"0603";"";"";"";"";"";"";"";"";"";"";"";"";"";"";"";"";"";"";"";"";"";"";"";"";"";"";"";
"R29";"100 ohm";"RESISTOR.0603";"0603";"";"";"";"";"";"";"";"";"";"";"";"";"";"";"";"";"";"";"";"";"";"";"";"";"";"";"";
"R30";"10k ohm";"RESISTOR.0603";"0603";"";"";"";"";"";"";"";"";"";"";"";"";"";"";"";"";"";"";"";"";"";"";"";"";"";"";"";
"R31";"0.13 ohm";"RESISTOR.0603";"0603";"";"";"";"";"";"";"";"";"";"";"";"";"";"";"";"";"";"";"";"";"";"";"";"";"";"";"";
"R32";"45k ohm";"RESISTOR.0603";"0603";"";"";"";"";"";"";"";"";"";"";"";"";"";"";"";"";"";"";"";"";"";"";"";"";"";"";"";
"R33";"10k ohm";"RESISTOR.0603";"0603";"";"";"";"";"";"";"";"";"";"";"";"";"";"";"";"";"";"";"";"";"";"";"";"";"";"";"";
"R34";"100 ohm";"RESISTOR.0603";"0603";"";"";"";"";"";"";"";"";"";"";"";"";"";"";"";"";"";"";"";"";"";"";"";"";"";"";"";
"R35";"0.13 ohm";"RESISTOR.0603";"0603";"";"";"";"";"";"";"";"";"";"";"";"";"";"";"";"";"";"";"";"";"";"";"";"";"";"";"";
"R36";"10k ohm";"RESISTOR.0603";"0603";"";"";"";"";"";"";"";"";"";"";"";"";"";"";"";"";"";"";"";"";"";"";"";"";"";"";"";
"R37";"30k ohm";"RESISTOR.0603";"0603";"";"";"";"";"";"";"";"";"";"";"";"";"";"";"";"";"";"";"";"";"";"";"";"";"";"";"";
"R38";"10k ohm";"RESISTOR.0603";"0603";"";"";"";"";"";"";"";"";"";"";"";"";"";"";"";"";"";"";"";"";"";"";"";"";"";"";"";
"R39";"0 ohm";"RESISTOR.0603";"0603";"";"";"";"";"";"";"";"";"";"";"";"";"";"";"";"";"";"";"";"";"";"";"";"";"";"";"";
"R40";"0 ohm";"RESISTOR.0603";"0603";"";"";"";"";"";"";"";"";"";"";"";"";"";"";"";"";"";"";"";"";"";"";"";"";"";"";"";
"R41";"0 ohm";"RESISTOR.0805";"0805";"";"";"";"";"";"";"";"";"";"";"";"";"";"";"";"";"";"";"";"";"";"";"";"";"";"";"";
"R42";"0 ohm";"RESISTOR.0603";"0603";"";"";"";"";"";"";"";"";"";"";"";"";"";"";"";"";"";"";"";"";"";"";"";"";"";"";"";
"R43";"0 ohm";"RESISTOR.0603";"0603";"";"";"";"";"";"";"";"";"";"";"";"";"";"";"";"";"";"";"";"";"";"";"";"";"";"";"";
"R44";"100 ohm";"RESISTOR.0603";"0603";"";"";"";"";"";"";"";"";"";"";"";"";"";"";"";"";"";"";"";"";"";"";"";"";"";"";"";
"R45";"190k ohm";"RESISTOR.0603";"0603";"";"";"";"";"";"";"";"";"";"";"";"";"";"";"";"";"";"";"";"";"";"";"";"";"";"";"";
"R46";"10k ohm";"RESISTOR.0603";"0603";"";"";"";"";"";"";"";"";"";"";"";"";"";"";"";"";"";"";"";"";"";"";"";"";"";"";"";
"R47";"10k ohm";"RESISTOR.0603";"0603";"";"";"";"";"";"";"";"";"";"";"";"";"";"";"";"";"";"";"";"";"";"";"";"";"";"";"";
"R53";"10k ohm";"RESISTOR.0603";"0603";"";"";"";"";"";"";"";"";"";"";"";"";"";"";"";"";"";"";"";"";"";"";"";"";"";"";"";
"R54";"10k ohm";"RESISTOR.0603";"0603";"";"";"";"";"";"";"";"";"";"";"";"";"";"";"";"";"";"";"";"";"";"";"";"";"";"";"";
"R55";"10k ohm";"RESISTOR.0603";"0603";"";"";"";"";"";"";"";"";"";"";"";"";"";"";"";"";"";"";"";"";"";"";"";"";"";"";"";
"R56";"10k ohm";"RESISTOR.0603";"0603";"";"";"";"";"";"";"";"";"";"";"";"";"";"";"";"";"";"";"";"";"";"";"";"";"";"";"";
"R57";"10k ohm";"RESISTOR.0603";"0603";"";"";"";"";"";"";"";"";"";"";"";"";"";"";"";"";"";"";"";"";"";"";"";"";"";"";"";
"R58";"100 ohm";"RESISTOR.0603";"0603";"";"";"";"";"";"";"";"";"";"";"";"";"";"";"";"";"";"";"";"";"";"";"";"";"";"";"";
"R59";"315 ohm";"RESISTOR.0603";"0603";"";"";"";"";"";"";"";"";"";"";"";"";"";"";"";"";"";"";"";"";"";"";"";"";"";"";"";
"R60";"10k ohm";"RESISTOR.0603";"0603";"";"";"";"";"";"";"";"";"";"";"";"";"";"";"";"";"";"";"";"";"";"";"";"";"";"";"";
"R61";"10k ohm";"RESISTOR.0603";"0603";"";"";"";"";"";"";"";"";"";"";"";"";"";"";"";"";"";"";"";"";"";"";"";"";"";"";"";
"R62";"10k ohm";"RESISTOR.0603";"0603";"";"";"";"";"";"";"";"";"";"";"";"";"";"";"";"";"";"";"";"";"";"";"";"";"";"";"";
"R63";"0.13 ohm";"RESISTOR.0603";"0603";"";"";"";"";"";"";"";"";"";"";"";"";"";"";"";"";"";"";"";"";"";"";"";"";"";"";"";
"R65";"100k ohm";"RESISTOR.0603";"0603";"";"";"";"";"";"";"";"";"";"";"";"";"";"";"";"";"";"";"";"";"";"";"";"";"";"";"";
"R66";"10k ohm";"RESISTOR.0603";"0603";"";"";"";"";"";"";"";"";"";"";"";"";"";"";"";"";"";"";"";"";"";"";"";"";"";"";"";
"R67";"10k ohm";"RESISTOR.0603";"0603";"";"";"";"";"";"";"";"";"";"";"";"";"";"";"";"";"";"";"";"";"";"";"";"";"";"";"";
"R68";"10k ohm";"RESISTOR.0603";"0603";"";"";"";"";"";"";"";"";"";"";"";"";"";"";"";"";"";"";"";"";"";"";"";"";"";"";"";
"R69";"10k ohm";"RESISTOR.0603";"0603";"";"";"";"";"";"";"";"";"";"";"";"";"";"";"";"";"";"";"";"";"";"";"";"";"";"";"";
"R70";"10k ohm";"RESISTOR.0603";"0603";"";"";"";"";"";"";"";"";"";"";"";"";"";"";"";"";"";"";"";"";"";"";"";"";"";"";"";
"R71";"10k ohm";"RESISTOR.0603";"0603";"";"";"";"";"";"";"";"";"";"";"";"";"";"";"";"";"";"";"";"";"";"";"";"";"";"";"";
"R72";"10k ohm";"RESISTOR.0603";"0603";"";"";"";"";"";"";"";"";"";"";"";"";"";"";"";"";"";"";"";"";"";"";"";"";"";"";"";
"R73";"10k ohm";"RESISTOR.0603";"0603";"";"";"";"";"";"";"";"";"";"";"";"";"";"";"";"";"";"";"";"";"";"";"";"";"";"";"";
"R74";"10k ohm";"RESISTOR.0603";"0603";"";"";"";"";"";"";"";"";"";"";"";"";"";"";"";"";"";"";"";"";"";"";"";"";"";"";"";
"R75";"10k ohm";"RESISTOR.0603";"0603";"";"";"";"";"";"";"";"";"";"";"";"";"";"";"";"";"";"";"";"";"";"";"";"";"";"";"";
"R76";"10k ohm";"RESISTOR.0603";"0603";"";"";"";"";"";"";"";"";"";"";"";"";"";"";"";"";"";"";"";"";"";"";"";"";"";"";"";
"R77";"10k ohm";"RESISTOR.0603";"0603";"";"";"";"";"";"";"";"";"";"";"";"";"";"";"";"";"";"";"";"";"";"";"";"";"";"";"";
"R78";"10k ohm";"RESISTOR.0603";"0603";"";"";"";"";"";"";"";"";"";"";"";"";"";"";"";"";"";"";"";"";"";"";"";"";"";"";"";
"R79";"10k ohm";"RESISTOR.0603";"0603";"";"";"";"";"";"";"";"";"";"";"";"";"";"";"";"";"";"";"";"";"";"";"";"";"";"";"";
"R80";"10k ohm";"RESISTOR.0603";"0603";"";"";"";"";"";"";"";"";"";"";"";"";"";"";"";"";"";"";"";"";"";"";"";"";"";"";"";
"R81";"10k ohm";"RESISTOR.0603";"0603";"";"";"";"";"";"";"";"";"";"";"";"";"";"";"";"";"";"";"";"";"";"";"";"";"";"";"";
"R82";"10k ohm";"RESISTOR.0603";"0603";"";"";"";"";"";"";"";"";"";"";"";"";"";"";"";"";"";"";"";"";"";"";"";"";"";"";"";
"R86";"10k ohm";"RESISTOR.0603";"0603";"";"";"";"";"";"";"";"";"";"";"";"";"";"";"";"";"";"";"";"";"";"";"";"";"";"";"";
"R87";"10k ohm";"RESISTOR.0603";"0603";"";"";"";"";"";"";"";"";"";"";"";"";"";"";"";"";"";"";"";"";"";"";"";"";"";"";"";
"R88";"10k ohm";"RESISTOR.0603";"0603";"";"";"";"";"";"";"";"";"";"";"";"";"";"";"";"";"";"";"";"";"";"";"";"";"";"";"";
"R89";"10k ohm";"RESISTOR.0603";"0603";"";"";"";"";"";"";"";"";"";"";"";"";"";"";"";"";"";"";"";"";"";"";"";"";"";"";"";
"R90";"10k ohm";"RESISTOR.0603";"0603";"";"";"";"";"";"";"";"";"";"";"";"";"";"";"";"";"";"";"";"";"";"";"";"";"";"";"";
"R91";"10k ohm";"RESISTOR.0603";"0603";"";"";"";"";"";"";"";"";"";"";"";"";"";"";"";"";"";"";"";"";"";"";"";"";"";"";"";
"R92";"10k ohm";"RESISTOR.0603";"0603";"";"";"";"";"";"";"";"";"";"";"";"";"";"";"";"";"";"";"";"";"";"";"";"";"";"";"";
"R93";"10k ohm";"RESISTOR.0603";"0603";"";"";"";"";"";"";"";"";"";"";"";"";"";"";"";"";"";"";"";"";"";"";"";"";"";"";"";
"R94";"10k ohm";"RESISTOR.0603";"0603";"";"";"";"";"";"";"";"";"";"";"";"";"";"";"";"";"";"";"";"";"";"";"";"";"";"";"";
"R95";"10k ohm";"RESISTOR.0603";"0603";"";"";"";"";"";"";"";"";"";"";"";"";"";"";"";"";"";"";"";"";"";"";"";"";"";"";"";
"R100";"10k ohm";"RESISTOR.0603";"0603";"";"";"";"";"";"";"";"";"";"";"";"";"";"";"";"";"";"";"";"";"";"";"";"";"";"";"";
"R101";"10k ohm";"RESISTOR.0603";"0603";"";"";"";"";"";"";"";"";"";"";"";"";"";"";"";"";"";"";"";"";"";"";"";"";"";"";"";
"R113";"10k ohm";"RESISTOR.0603";"0603";"";"";"";"";"";"";"";"";"";"";"";"";"";"";"";"";"";"";"";"";"";"";"";"";"";"";"";
"R114";"10k ohm";"RESISTOR.0603";"0603";"";"";"";"";"";"";"";"";"";"";"";"";"";"";"";"";"";"";"";"";"";"";"";"";"";"";"";
"R115";"0 ohm";"RESISTOR.0603";"0603";"";"";"";"";"";"";"";"";"";"";"";"";"";"";"";"";"";"";"";"";"";"";"";"";"";"";"";
"R116";"0 ohm";"RESISTOR.0603";"0603";"";"";"";"";"";"";"";"";"";"";"";"";"";"";"";"";"";"";"";"";"";"";"";"";"";"";"";
"R117";"0 ohm";"RESISTOR.0603";"0603";"";"";"";"";"";"";"";"";"";"";"";"";"";"";"";"";"";"";"";"";"";"";"";"";"";"";"";
"RP2040";"RP2040-QFN56";"RP2040-QFN56";"RP2040-QFN-56";"";"";"";"";"";"";"";"";"";"";"";"";"";"";"";"";"";"";"";"";"";"";"";"";"";"";"";
"SAW";"SAW_FILTER";"AFS14A04-1575.42-T3";"FIL_AFS14A04-1575.42-T3";"";"";"";"";"";"";"";"";"";"Abracon";"";"";"0.7mm";"";"";"";"";"";"";"";"04.16.13";"";"";"";"";"AFS14A04-1575.42-T3";"Manufacturer Recommendations";
"U$3";"SN74LVC1G04DBVR";"SN74LVC1G04DBVR";"SOT23-5";"Check availability";"In Stock";"https://www.snapeda.com/parts/SN74LVC1G04DBVR/Umwelt+Sensor+Teknik/view-part/?ref=eda";"";"";" Inverter IC 1 Channel SOT-23-5 ";"";"";"";"";"";"";"";"UMW";"";"SN74LVC1G04DBVR";"";"";"";"None";"";"";"None";"";"https://www.snapeda.com/parts/SN74LVC1G04DBVR/Umwelt+Sensor+Teknik/view-part/?ref=snap";"";"";
"U1";"BNO055";"BNO055";"LGA28R50P4X10_380X520X100";"BNO055 9-axis Absolute Orientation Sensor ( SiP ) w/Sensors and Sensor Fusion Check availability";"In Stock";"https://www.snapeda.com/parts/BNO055/Bosch+Sensortec/view-part/?ref=eda";"";"";" BNO055 series Accelerometer, Gyroscope, Magnetometer, 3 Axis Sensor Evaluation Board ";"";"";"";"";"";"";"";"Bosch";"";"BNO055";"";"";"";"LGA-28 Bosch";"";"";"None";"https://www.snapeda.com/api/url_track_click_mouser/?unipart_id=51961&manufacturer=Bosch&part_name=BNO055&search_term=None";"https://www.snapeda.com/parts/BNO055/Bosch+Sensortec/view-part/?ref=snap";"";"";
"U2";"CJ3400";"BS170F";"SOT91P240X120-3N";"DMOS FET Check availability";"In Stock";"https://www.snapeda.com/parts/BS170F/Diodes+Inc./view-part/?ref=eda";"";"";" N-Channel 60 V 150µA (Ta) 330mW (Ta) Surface Mount SOT-23-3 ";"";"";"";"";"";"";"";"Diodes Inc.";"";"BS170F";"";"";"";"SOT-23 Multicomp";"";"";"None";"";"https://www.snapeda.com/parts/BS170F/Diodes+Inc./view-part/?ref=snap";"";"";
"U3";"CJ3400";"BS170F";"SOT91P240X120-3N";"DMOS FET Check availability";"In Stock";"https://www.snapeda.com/parts/BS170F/Diodes+Inc./view-part/?ref=eda";"";"";" N-Channel 60 V 150µA (Ta) 330mW (Ta) Surface Mount SOT-23-3 ";"";"";"";"";"";"";"";"Diodes Inc.";"";"BS170F";"";"";"";"SOT-23 Multicomp";"";"";"None";"";"https://www.snapeda.com/parts/BS170F/Diodes+Inc./view-part/?ref=snap";"";"";
"U4";"LM1117-3.3";"LM1117-3.3";"SOT230";"IC REG LDO 800MA 3.3V Check availability";"In Stock";"https://www.snapeda.com/parts/LM1117-3.3/Texas+Instruments/view-part/?ref=eda";"";"";" Linear Voltage Regulator IC Positive Fixed 1 Output 800mA DDPAK/TO-263-3 ";"";"";"";"";"";"";"";"Texas Instruments";"";"LM1117-3.3";"";"";"";"None";"";"";"None";"";"https://www.snapeda.com/parts/LM1117-3.3/Texas+Instruments/view-part/?ref=snap";"";"";
"U5";"CJ3400";"BS170F";"SOT91P240X120-3N";"DMOS FET Check availability";"In Stock";"https://www.snapeda.com/parts/BS170F/Diodes+Inc./view-part/?ref=eda";"";"";" N-Channel 60 V 150µA (Ta) 330mW (Ta) Surface Mount SOT-23-3 ";"";"";"";"";"";"";"";"Diodes Inc.";"";"BS170F";"";"";"";"SOT-23 Multicomp";"";"";"None";"";"https://www.snapeda.com/parts/BS170F/Diodes+Inc./view-part/?ref=snap";"";"";
"U6";"ADS1115IDGSR";"ADS1115IDGSR";"SOP50P490X110-10N";"Check availability";"In Stock";"https://www.snapeda.com/parts/ADS1115IDGSR/Texas+Instruments/view-part/?ref=eda";"";"";" 16-bit, 860-SPS, 4-channel, delta-sigma ADC with PGA, oscillator, VREF, comparator and I2C ";"";"";"";"";"";"";"";"Texas Instruments";"";"ADS1115IDGSR";"";"";"";"VSSOP-10 Texas Instruments";"";"";"None";"https://www.snapeda.com/api/url_track_click_mouser/?unipart_id=45903&manufacturer=Texas Instruments&part_name=ADS1115IDGSR&search_term=ads1115";"https://www.snapeda.com/parts/ADS1115IDGSR/Texas+Instruments/view-part/?ref=snap";"";"";
"U7";"CJ3400";"BS170F";"SOT91P240X120-3N";"DMOS FET Check availability";"In Stock";"https://www.snapeda.com/parts/BS170F/Diodes+Inc./view-part/?ref=eda";"";"";" N-Channel 60 V 150µA (Ta) 330mW (Ta) Surface Mount SOT-23-3 ";"";"";"";"";"";"";"";"Diodes Inc.";"";"BS170F";"";"";"";"SOT-23 Multicomp";"";"";"None";"";"https://www.snapeda.com/parts/BS170F/Diodes+Inc./view-part/?ref=snap";"";"";
"U8";"MIC29302WU-TRTO-263-5_MCH-L";"MIC29302WU-TRTO-263-5_MCH-L";"TO-263-5_MCH-L";"";"";"";"Copyright (C) 2024 Ultra Librarian. All rights reserved.";"";"";"";"";"";"";"";"MIC29302WU-TR";"";"";"Microchip";"";"";"";"";"";"";"";"";"";"";"";"";
"U9";"ADS1115IDGSR";"ADS1115IDGSR";"SOP50P490X110-10N";"Check availability";"In Stock";"https://www.snapeda.com/parts/ADS1115IDGSR/Texas+Instruments/view-part/?ref=eda";"";"";" 16-bit, 860-SPS, 4-channel, delta-sigma ADC with PGA, oscillator, VREF, comparator and I2C ";"";"";"";"";"";"";"";"Texas Instruments";"";"ADS1115IDGSR";"";"";"";"VSSOP-10 Texas Instruments";"";"";"None";"https://www.snapeda.com/api/url_track_click_mouser/?unipart_id=45903&manufacturer=Texas Instruments&part_name=ADS1115IDGSR&search_term=ads1115";"https://www.snapeda.com/parts/ADS1115IDGSR/Texas+Instruments/view-part/?ref=snap";"";"";
"U10";"CJ3400";"BS170F";"SOT91P240X120-3N";"DMOS FET Check availability";"In Stock";"https://www.snapeda.com/parts/BS170F/Diodes+Inc./view-part/?ref=eda";"";"";" N-Channel 60 V 150µA (Ta) 330mW (Ta) Surface Mount SOT-23-3 ";"";"";"";"";"";"";"";"Diodes Inc.";"";"BS170F";"";"";"";"SOT-23 Multicomp";"";"";"None";"";"https://www.snapeda.com/parts/BS170F/Diodes+Inc./view-part/?ref=snap";"";"";
"U11";"MIC29302WU-TRTO-263-5_MCH-L";"MIC29302WU-TRTO-263-5_MCH-L";"TO-263-5_MCH-L";"";"";"";"Copyright (C) 2024 Ultra Librarian. All rights reserved.";"";"";"";"";"";"";"";"MIC29302WU-TR";"";"";"Microchip";"";"";"";"";"";"";"";"";"";"";"";"";
"U12";"CP2102";"CP2102";"QFN50P500X500X100-29N";"USB to UART Bridge Check availability";"In Stock";"https://www.snapeda.com/parts/CP2102/Silicon+Labs/view-part/?ref=eda";"";"";" CP2102N USB 2.0 to UART (RS232) Bridge Interface Evaluation Board ";"";"";"";"";"";"";"";"Silicon Labs";"";"CP2102";"";"";"";"QFN-28 Silicon Labs";"";"";"None";"https://www.snapeda.com/api/url_track_click_mouser/?unipart_id=228557&manufacturer=Silicon Labs&part_name=CP2102&search_term=None";"https://www.snapeda.com/parts/CP2102/Silicon+Labs/view-part/?ref=snap";"";"";
"U13";"MIC29302WU-TRTO-263-5_MCH-L";"MIC29302WU-TRTO-263-5_MCH-L";"TO-263-5_MCH-L";"";"";"";"Copyright (C) 2024 Ultra Librarian. All rights reserved.";"";"";"";"";"";"";"";"MIC29302WU-TR";"";"";"Microchip";"";"";"";"";"";"";"";"";"";"";"";"";
"U14";"MIC29302WU-TRTO-263-5_MCH-L";"MIC29302WU-TRTO-263-5_MCH-L";"TO-263-5_MCH-L";"";"";"";"Copyright (C) 2024 Ultra Librarian. All rights reserved.";"";"";"";"";"";"";"";"MIC29302WU-TR";"";"";"Microchip";"";"";"";"";"";"";"";"";"";"";"";"";
"U15";"ADS1115IDGSR";"ADS1115IDGSR";"SOP50P490X110-10N";"Check availability";"In Stock";"https://www.snapeda.com/parts/ADS1115IDGSR/Texas+Instruments/view-part/?ref=eda";"";"";" 16-bit, 860-SPS, 4-channel, delta-sigma ADC with PGA, oscillator, VREF, comparator and I2C ";"";"";"";"";"";"";"";"Texas Instruments";"";"ADS1115IDGSR";"";"";"";"VSSOP-10 Texas Instruments";"";"";"None";"https://www.snapeda.com/api/url_track_click_mouser/?unipart_id=45903&manufacturer=Texas Instruments&part_name=ADS1115IDGSR&search_term=ads1115";"https://www.snapeda.com/parts/ADS1115IDGSR/Texas+Instruments/view-part/?ref=snap";"";"";
"U16";"ADS1115IDGSR";"ADS1115IDGSR";"SOP50P490X110-10N";"Check availability";"In Stock";"https://www.snapeda.com/parts/ADS1115IDGSR/Texas+Instruments/view-part/?ref=eda";"";"";" 16-bit, 860-SPS, 4-channel, delta-sigma ADC with PGA, oscillator, VREF, comparator and I2C ";"";"";"";"";"";"";"";"Texas Instruments";"";"ADS1115IDGSR";"";"";"";"VSSOP-10 Texas Instruments";"";"";"None";"https://www.snapeda.com/api/url_track_click_mouser/?unipart_id=45903&manufacturer=Texas Instruments&part_name=ADS1115IDGSR&search_term=ads1115";"https://www.snapeda.com/parts/ADS1115IDGSR/Texas+Instruments/view-part/?ref=snap";"";"";
"U17";"MIC29302WU-TRTO-263-5_MCH-L";"MIC29302WU-TRTO-263-5_MCH-L";"TO-263-5_MCH-L";"";"";"";"Copyright (C) 2024 Ultra Librarian. All rights reserved.";"";"";"";"";"";"";"";"MIC29302WU-TR";"";"";"Microchip";"";"";"";"";"";"";"";"";"";"";"";"";
"U19";"MT3608";"MT3608";"SOT95P280X145-6N";"High Efficiency 1.2MHz 2A Step Up Converter Check availability";"Not in stock";"https://www.snapeda.com/parts/MT3608/Aerosemi+Technology+Co.%252C+Ltd/view-part/?ref=eda";"";"";"                                                      High Efficiency 1.2MHz 2A Step Up Converter                                              ";"";"";"";"";"";"";"";"Aerosemi Technology Co., Ltd";"";"MT3608";"";"";"";"Package ";"";"";"None";"";"https://www.snapeda.com/parts/MT3608/Aerosemi+Technology+Co.%252C+Ltd/view-part/?ref=snap";"";"";
"U20";"AP2210K-3.3TRG1";"AP2210K-3.3TRG1";"SOT-23-5_RAW";"https://www.mouser.co.cr/ProductDetail/Diodes-Incorporated/AP2210K-33TRG1?qs=%2Fha2pyFadujtZ3DhVlxUwc1Ul06BXujwB7t%252B8jLX%2FdxIEGMLBWODYg%3D%3D  Check availability";"In Stock";"https://www.snapeda.com/parts/AP2210K-3.3TRG1/Diodes+Inc./view-part/?ref=eda";"";"";"                                                      Voltage Regulators, LDO, 300mA CMOS LDO 3.3V 250mV | Diodes Inc AP2210K-3.3TRG1                                              ";"";"";"";"";"";"";"";"Diodes Inc.";"";"AP2210K-3.3TRG1";"";"";"";"SOT-23-5 Diodes Inc.";"";"";"None";"";"https://www.snapeda.com/parts/AP2210K-3.3TRG1/Diodes+Inc./view-part/?ref=snap";"";"";
"U22";"MT3608";"MT3608";"SOT95P280X145-6N";"High Efficiency 1.2MHz 2A Step Up Converter Check availability";"Not in stock";"https://www.snapeda.com/parts/MT3608/Aerosemi+Technology+Co.%252C+Ltd/view-part/?ref=eda";"";"";"                                                      High Efficiency 1.2MHz 2A Step Up Converter                                              ";"";"";"";"";"";"";"";"Aerosemi Technology Co., Ltd";"";"MT3608";"";"";"";"Package ";"";"";"None";"";"https://www.snapeda.com/parts/MT3608/Aerosemi+Technology+Co.%252C+Ltd/view-part/?ref=snap";"";"";
"X1";"22-23-2121";"22-23-2121";"22-23-2121";".100" (2.54mm) Center Header - 12 Pin";"";"";"";"";"";"";"";"";"";"";"";"";"MOLEX";"";"";"22-23-2121";"1462935";"56H0456";"";"";"2";"";"";"";"";"";
"X6";"USB Type C";"USB_C";"USB_C_CUSB31-CFM2AX-01-X";"USB Type-C USB 2.0 Connector";"";"";"";"";"";"";"";"";"";"";"";"";"";"";"";"";"";"";"";"";"";"";"";"";"";"";
"XBEE";"XBP9B-XCST-021";"XBP9B-XCST-021";"DIP2200W51P200L3294H279Q20P";"XBee-PRO 900HP DigiMesh 900 MHz 200 Kbps RF Module with U.FL Connector Check availability";"In Stock";"https://www.snapeda.com/parts/XBP9B-XCST-021/Digi+International/view-part/?ref=eda";"";"";" General ISM < 1GHz - Transceiver Module 920MHz Antenna Not Included, RP-SMA Through Hole ";"";"";"";"";"";"";"";"Digi International";"";"XBP9B-XCST-021";"";"";"";"Module Digi International";"";"";"None";"https://www.snapeda.com/api/url_track_click_mouser/?unipart_id=521579&manufacturer=Digi International&part_name=XBP9B-XCST-021&search_term=None";"https://www.snapeda.com/parts/XBP9B-XCST-021/Digi+International/view-part/?ref=snap";"";"";
"XTAL";"ASE";"ASE";"ASE";"3.3Vdc CMOS SMD CRYSTAL CLOCK OSCILLATOR";"";"";"";"";"";"";"";"";"";"";"";"";"";"";"";"";"unknown";"unknown";"";"";"2";"";"";"";"";"";
"Y1";"FC-135_32.7680KA-A0";"FC-135_32.7680KA-A0";"XTAL_FC-135_32.7680KA-A0";"None Check availability";"In Stock";"https://www.snapeda.com/parts/FC-135%2032.7680KA-A0/EPSON/view-part/?ref=eda";"";"";" 32.768 kHz ±20ppm Crystal 12.5pF 70 kOhms 2-SMD, No Lead ";"";"";"";"";"";"";"";"EPSON";"";"FC-135 32.7680KA-A0";"";"";"";"SMD-2 Epson";"";"";"None";"";"https://www.snapeda.com/parts/FC-135%2032.7680KA-A0/EPSON/view-part/?ref=snap";"";"";
